<?xml version="1.0" encoding="UTF-8"?>
<!DOCTYPE mapper PUBLIC "-//mybatis.org//DTD Mapper 3.0//EN" "http://mybatis.org/dtd/mybatis-3-mapper.dtd">
<mapper namespace="com.bit.codesquare.db.mapper.TestMapper">
    <select id="getAll" resultType="com.bit.codesquare.db.dto.Test">
        SELECT * FROM hansol
    </select>
    <insert id="insert" parameterType="com.bit.codesquare.db.dto.Test">
    	INSERT INTO HANSOL(ID,NAME) VALUES(#{id},#{name})
    </insert>
    <update id="update" parameterType="com.bit.codesquare.db.dto.Test">
    	UPDATE HANSOL
    	SET NAME=#{name}
    	WHERE ID=#{id}
    </update>
    <delete id="delete" parameterType="int">
    	DELETE FROM HANSOL
    	WHERE ID=#{id}
    </delete>
</mapper>
